{"cameraMode":{"drawMode":0,"name":"Shaded","section":"Shading Mode"},"sceneLighting":false,"audioPlay":false,"sceneViewState":{"showFog":true,"showMaterialUpdate":false,"showSkybox":false,"showFlares":true,"showImageEffects":true,"showParticleSystems":true},"in2DMode":false,"pivot":{"x":14.40313720703125,"y":2.5120508670806886,"z":-2.4863741397857668},"rotation":{"x":0.15169914066791535,"y":-0.46094372868537905,"z":0.0803103968501091,"w":0.8706730008125305},"size":12.139504432678223,"orthographic":false}