{"cameraMode":{"drawMode":0,"name":"Shaded","section":"Shading Mode"},"sceneLighting":false,"audioPlay":false,"sceneViewState":{"showFog":true,"showMaterialUpdate":false,"showSkybox":false,"showFlares":true,"showImageEffects":true,"showParticleSystems":true},"in2DMode":false,"pivot":{"x":-19.26510238647461,"y":0.6267145872116089,"z":-4.061539173126221},"rotation":{"x":-0.2695774734020233,"y":-0.6280154585838318,"z":0.246326744556427,"w":-0.6872267723083496},"size":5.55751895904541,"orthographic":false}