{"cameraMode":{"drawMode":0,"name":"Shaded","section":"Shading Mode"},"sceneLighting":false,"audioPlay":false,"sceneViewState":{"showFog":true,"showMaterialUpdate":false,"showSkybox":false,"showFlares":true,"showImageEffects":true,"showParticleSystems":true},"in2DMode":false,"pivot":{"x":-0.20771503448486329,"y":1.9741721153259278,"z":-3.098824977874756},"rotation":{"x":0.15169914066791535,"y":-0.46094372868537905,"z":0.0803103968501091,"w":0.8706730008125305},"size":11.619690895080567,"orthographic":false}