{"cameraMode":{"drawMode":0,"name":"Shaded","section":"Shading Mode"},"sceneLighting":false,"audioPlay":false,"sceneViewState":{"showFog":true,"showMaterialUpdate":false,"showSkybox":false,"showFlares":true,"showImageEffects":true,"showParticleSystems":true},"in2DMode":false,"pivot":{"x":-16.70979118347168,"y":0.7042542099952698,"z":-3.8393588066101076},"rotation":{"x":-0.2695774734020233,"y":-0.6280154585838318,"z":0.246326744556427,"w":-0.6872267723083496},"size":5.922478675842285,"orthographic":false}