{"cameraMode":{"drawMode":0,"name":"Shaded","section":"Shading Mode"},"sceneLighting":false,"audioPlay":false,"sceneViewState":{"showFog":true,"showMaterialUpdate":false,"showSkybox":false,"showFlares":true,"showImageEffects":true,"showParticleSystems":true},"in2DMode":false,"pivot":{"x":-6.524355411529541,"y":1.4435536861419678,"z":3.5038561820983888},"rotation":{"x":0.15169914066791535,"y":-0.46094372868537905,"z":0.0803103968501091,"w":0.8706730008125305},"size":8.958956718444825,"orthographic":false}