{"cameraMode":{"drawMode":0,"name":"Shaded","section":"Shading Mode"},"sceneLighting":false,"audioPlay":false,"sceneViewState":{"showFog":true,"showMaterialUpdate":false,"showSkybox":false,"showFlares":true,"showImageEffects":true,"showParticleSystems":true},"in2DMode":false,"pivot":{"x":-16.046537399291993,"y":0.6250529289245606,"z":-2.4393115043640138},"rotation":{"x":-0.2713589668273926,"y":-0.006643624510616064,"z":0.0018726682756096125,"w":-0.9624571204185486},"size":5.521796226501465,"orthographic":false}