{"cameraMode":{"drawMode":0,"name":"Shaded","section":"Shading Mode"},"sceneLighting":true,"audioPlay":false,"sceneViewState":{"showFog":true,"showMaterialUpdate":false,"showSkybox":true,"showFlares":true,"showImageEffects":true,"showParticleSystems":true},"in2DMode":false,"pivot":{"x":-4.117364883422852,"y":-2.3133955001831056,"z":37.649078369140628},"rotation":{"x":-0.14996609091758729,"y":-0.18654994666576386,"z":0.028825871646404268,"w":-0.9705090522766113},"size":59.288063049316409,"orthographic":false}