{"cameraMode":{"drawMode":0,"name":"Shaded","section":"Shading Mode"},"sceneLighting":false,"audioPlay":false,"sceneViewState":{"showFog":true,"showMaterialUpdate":false,"showSkybox":false,"showFlares":true,"showImageEffects":true,"showParticleSystems":true},"in2DMode":false,"pivot":{"x":-19.732481002807618,"y":1.13423752784729,"z":-1.0000001192092896},"rotation":{"x":-0.2713589668273926,"y":-0.006643624510616064,"z":0.0018726682756096125,"w":-0.9624571204185486},"size":7.932488918304443,"orthographic":false}